﻿<?xml version="1.0" encoding="utf-8" standalone="yes"?>
<CharacterInfo>
	<Character>
		<Name>name2</Name>
		<Level>300</Level>
		<maxHp>150</maxHp>
		<hp>150</hp>
		<attackSpeed>0f</attackSpeed>
		<attackPower>5</attackPower>
		<defense>5</defense>
		<runSpeed>4</runSpeed>
		<addAttackSpeed>0f</addAttackSpeed>
		<addAttackPower>0</addAttackPower>
		<addDefense>0</addDefense>
		<addRunSpeed>0</addRunSpeed>
		<totalAttackSpeed>0</totalAttackSpeed>
		<totalAttackPower>0</totalAttackPower>
		<totalDefense>0</totalDefense>
		<totalRunSpeed>0</totalRunSpeed>
	</Character>
	<Weapon>
		<rightWeapon1>0</rightWeapon1>
		<rightWeapon2>0</rightWeapon2>
		<rightWeapon3>0</rightWeapon3>

		<leftWeapon1>0</leftWeapon1>
		<leftWeapon2>0</leftWeapon2>
		<leftWeapon3>0</leftWeapon3>

		<rightWeaponTier1>0</rightWeaponTier1>
		<rightWeaponTier2>0</rightWeaponTier2>
		<rightWeaponTier3>0</rightWeaponTier3>

		<leftWeaponTier1>0</leftWeaponTier1>
		<leftWeaponTier2>0</leftWeaponTier2>
		<leftWeaponTier3>0</leftWeaponTier3>

		<rightWeaponSpeed1>0f</rightWeaponSpeed1>
		<rightWeaponSpeed2>0f</rightWeaponSpeed2>
		<rightWeaponSpeed3>0f</rightWeaponSpeed3>

		<leftWeaponSpeed1>0f</leftWeaponSpeed1>
		<leftWeaponSpeed2>0f</leftWeaponSpeed2>
		<leftWeaponSpeed3>0f</leftWeaponSpeed3>
	</Weapon>
</CharacterInfo>