﻿<?xml version="1.0" encoding="utf-8" standalone="yes"?>
<InventoryInfo>
	<Items>
		<Field number="1" rank="0" id="110"/>
		<Field number="2" rank="0" id="120"/>
		<Field number="3" rank="0" id="0"/>
		<Field number="4" rank="0" id="0"/>
		<Field number="5" rank="0" id="0"/>
		<Field number="6" rank="0" id="0"/>
		<Field number="7" rank="0" id="0"/>
		<Field number="8" rank="0" id="0"/>
		<Field number="9" rank="0" id="0"/>
		<Field number="10" rank="0" id="0"/>
		<Field number="11" rank="0" id="0"/>
		<Field number="12" rank="0" id="0"/>
		<Field number="13" rank="0" id="0"/>
		<Field number="14" rank="0" id="0"/>
		<Field number="15" rank="0" id="0"/>
		<Field number="16" rank="0" id="0"/>
		<Field number="17" rank="0" id="0"/>
		<Field number="18" rank="0" id="0"/>
		<Field number="19" rank="0" id="0"/>
		<Field number="20" rank="0" id="0"/>
		<Field number="21" rank="0" id="0"/>
		<Field number="22" rank="0" id="0"/>
		<Field number="23" rank="0" id="0"/>
		<Field number="24" rank="0" id="0"/>
		<Field number="25" rank="0" id="0"/>
		<Field number="26" rank="0" id="0"/>
		<Field number="27" rank="0" id="0"/>
		<Field number="28" rank="0" id="0"/>
		<Field number="29" rank="0" id="0"/>
		<Field number="30" rank="0" id="0"/>
		<Field number="31" rank="0" id="0"/>
		<Field number="32" rank="0" id="0"/>
		<Field number="33" rank="0" id="0"/>
		<Field number="34" rank="0" id="0"/>
		<Field number="35" rank="0" id="0"/>
		<Field number="36" rank="0" id="0"/>
		<Field number="37" rank="0" id="0"/>
		<Field number="38" rank="0" id="0"/>
		<Field number="39" rank="0" id="0"/>
		<Field number="40" rank="0" id="0"/>
		<Field number="41" rank="0" id="0"/>
		<Field number="42" rank="0" id="0"/>
		<Field number="43" rank="0" id="0"/>
		<Field number="44" rank="0" id="0"/>
		<Field number="45" rank="0" id="0"/>
		<Field number="46" rank="0" id="0"/>
		<Field number="47" rank="0" id="0"/>
		<Field number="48" rank="0" id="0"/>
		<Field number="49" rank="0" id="0"/>
		<Field number="50" rank="0" id="0"/>
	</Items>
</InventoryInfo>